emp_id,FirstName,LastName,Employee_number,Salary,Date,EmpDept
1,Emi,Castaneda,FD744D,223.36,2020-01-17,Analyst
2,Olga,Brewer,UR594R,504.58,2020-01-17,Developer
3,Rita,Abbott,DT673T,898.51,2020-01-17,ML Engineer
4,Rose,Brewer,PB449B,938.58,2020-01-17,Data Engineer
5,Danny,Bean,LV154V,837.27,2020-01-17,Devops Engineer
6,Erika,Blankenship,IW903W,135.13,2020-01-17,Full Stack Engineer
7,Marco,Cash,RJ382J,581.41,2020-01-17,Business Analyst
8,Sandy,Carver,HY147Y,109.28,2020-01-17,Data Engineer
9,Wilma,Campos,GV774V,931.34,2020-01-17,ML Engineer
10,Arthur,Browning,CS946S,190.77,2020-01-17,Data Engineer
11,Nicole,Barnes,SH500H,410.97,2020-01-17,ML Engineer
12,Edouard,Butler,RO774O,642.68,2020-01-17,Data Engineer
13,Hermine,Bridges,WN929N,635.72,2020-01-17,Analyst
14,Rebekah,Beasley,GF811F,206.41,2020-01-17,Analyst
15,Cristobal,Best,XD523D,243.87,2020-01-17,Analyst
16,Fay,Casey,GV755V,426.2,2020-01-18,Analyst
17,Sam,Byrd,VT299T,854.23,2020-01-18,Analyst
18,Bret,Butler,SY605Y,531.29,2020-01-18,Analyst
19,Rita,Alford,UZ398Z,911.69,2020-01-18,Analyst
20,Beryl,Bullock,RN433N,625.18,2020-01-18,Analyst
21,Cindy,Bartlett,AE991E,894.43,2020-01-18,Analyst
22,Junko,Carey,SL901L,263.74,2020-01-18,Analyst
23,Maria,Albert,GJ843J,826.75,2020-01-18,Analyst
24,Kumiko,Anderson,BH860H,948.42,2020-01-18,Analyst
25,Sachiko,Blanchard,QE894E,988.89,2020-01-18,Analyst
26,Humberto,Andrews,UW861W,835.47,2020-01-18,Analyst
27,Cristobal,Atkinson,CR670R,479.65,2020-01-18,Analyst
28,Aki,Burke,IC550C,955.67,2020-01-19,Analyst
29,Aki,Carter,EA153A,987.13,2020-01-19,Analyst
30,Aki,Campos,SL723L,224.99,2020-01-19,Analyst
31,Aki,Berger,YK900K,929.12,2020-01-19,Data Engineer
32,Aki,Carrillo,RR282R,814.74,2020-01-19,ML Engineer
33,Aki,Brennan,RP889P,161.77,2020-01-19,ML Engineer
34,Ana,Camacho,DZ996Z,780.97,2020-01-19,ML Engineer
35,Ana,Abbott,MP478P,462.89,2020-01-19,ML Engineer
36,Ana,Castaneda,NA558A,389.76,2020-01-19,ML Engineer
37,Ana,Bruce,GF160F,867.5,2020-01-19,ML Engineer
38,Ana,Beach,CF151F,446.91,2020-01-19,ML Engineer
39,Emi,Caldwell,RK551K,350.8,2020-01-19,ML Engineer
40,Emi,Bowman,BK849K,517.33,2020-01-19,ML Engineer
41,Emi,Ayala,DL230L,138.65,2020-01-19,ML Engineer
42,Emi,Barr,HL452L,980.97,2020-01-19,ML Engineer
43,Fay,Bell,FA400A,862.81,2020-01-19,ML Engineer
44,Lee,Andrews,NP883P,779.26,2020-01-19,ML Engineer
45,Lee,Castaneda,CN276N,926.34,2020-01-19,ML Engineer
46,Lee,Black,CG612G,737.95,2020-01-19,ML Engineer
47,Rie,Bennett,OU773U,443.39,2020-01-19,ML Engineer
48,Rie,Barnes,IO269O,112.25,2020-01-19,ML Engineer
49,Rie,Barr,KT370T,598.61,2020-01-19,ML Engineer
50,Sam,Adkins,BV925V,575.31,2020-01-19,Data Engineer
51,Sam,Ballard,DU277U,554.87,2020-01-19,Data Engineer
52,Sam,Armstrong,ZR722R,468.48,2020-01-19,Data Engineer
53,Van,Bush,CZ936Z,546.49,2020-01-19,Data Engineer
54,Van,Bullock,SV115V,358.29,2020-01-19,Data Engineer
55,Van,Baldwin,XH723H,780.31,2020-01-19,Data Engineer
56,Van,Buck,ZE122E,192.83,2020-01-19,Data Engineer
57,Van,Barron,TK939K,663.87,2020-01-19,Data Engineer
58,Alex,Burris,XM771M,843.13,2020-01-19,Data Engineer
59,Alex,Adams,CH434H,371.94,2020-01-19,Data Engineer
60,Alex,Caldwell,UC573C,198.8,2020-01-19,Data Engineer
61,Bill,Allison,KL984L,745.2,2020-01-19,Data Engineer
62,Bill,Baker,OR747R,929.8,2020-01-19,Data Engineer
63,Bret,Bell,TK549K,903.2,2020-01-19,Data Engineer
64,Bret,Blevins,HM933M,252.75,2020-01-19,Developer
65,Bret,Bryan,CV221V,585.36,2020-01-19,Developer
66,Bret,Ayala,VO178O,573.82,2020-01-19,Developer
67,Dean,Bishop,BO652O,752.99,2020-01-19,Developer
68,Earl,Barnes,KK287K,995.68,2020-01-19,Developer
69,Earl,Acosta,RG439G,926.71,2020-01-19,Developer
70,Earl,Benjamin,UK872K,656.8,2020-01-19,Developer
71,Earl,Blackwell,II483I,463.64,2020-01-19,Developer
72,Earl,Benson,BH951H,866.45,2020-01-19,Developer
73,Earl,Booker,XZ356Z,199.9,2020-01-19,Developer
74,Earl,Avery,UU539U,645.17,2020-01-19,Developer
75,Earl,Callahan,ZY852Y,616.23,2020-01-19,Developer
76,Earl,Best,GH463H,437.51,2020-01-19,Developer
77,Earl,Blankenship,QV305V,664.18,2020-01-19,Developer
78,Erin,Burt,DY259Y,759.61,2020-01-19,Developer
79,Erin,Beasley,RZ132Z,898.78,2020-01-19,Developer
80,Gert,Arnold,MM599M,670.94,2020-01-19,Developer
81,Gert,Bennett,BS645S,147.75,2020-01-19,Business Analyst
82,Gert,Buckner,VI961I,371.26,2020-01-19,ML Engineer
83,Iris,Aguilar,QD356D,665.82,2020-01-19,ML Engineer
84,Iris,Barnes,IF827F,402.69,2020-01-19,ML Engineer
85,Iris,Barton,PV372V,777.47,2020-01-19,ML Engineer
86,Iris,Bridges,EZ518Z,290.49,2020-01-19,ML Engineer
87,Itoe,Carter,KR194R,538.85,2020-01-19,ML Engineer
88,Itoe,Blanchard,BT240T,941.33,2020-01-19,ML Engineer
89,Ivan,Burton,WI918I,259.91,2020-01-19,ML Engineer
90,Ivan,Ballard,MM380M,851.89,2020-01-19,ML Engineer
91,Ivan,Cabrera,UD265D,594.1,2020-01-19,Business Analyst
92,Jose,Baxter,YV779V,894.18,2020-01-19,Business Analyst
93,Jose,Best,FT580T,699.57,2020-01-19,Business Analyst
94,Jose,Bradford,KK360K,613.42,2020-01-19,Business Analyst
95,Jose,Bush,JZ478Z,445.53,2020-01-19,ML Engineer
96,Jose,Callahan,VQ863Q,105.35,2020-01-19,Devops Engineer
97,Juan,Blackwell,EY698Y,334.5,2020-01-19,Devops Engineer
98,Juan,Blackwell,QG659G,167.14,2020-01-19,Devops Engineer
99,Juan,Cantrell,BD121D,201.27,2020-01-19,Devops Engineer
100,Juan,Baker,PG423G,902.57,2020-01-19,Devops Engineer
101,Juan,Buckner,RS482S,715.56,2020-01-19,Devops Engineer
102,Juan,Barrera,CJ240J,453.79,2020-01-19,Business Analyst
103,Karl,Bruce,QV540V,660.1,2020-01-19,Business Analyst
104,Karl,Battle,QT313T,155.33,2020-01-19,Business Analyst
105,Karl,Allen,UY735Y,583.65,2020-01-19,Business Analyst
106,Karl,Acosta,PH262H,758.88,2020-01-19,Business Analyst
107,Kate,Brooks,SE508E,283.91,2020-01-19,Devops Engineer
108,Kirk,Casey,JG915G,290.69,2020-01-19,ML Engineer
109,Kirk,Baxter,RT162T,912.78,2020-01-19,ML Engineer
110,Kirk,Brennan,BK927K,899.34,2020-01-19,ML Engineer
111,Kyle,Byrd,YJ997J,712.21,2020-01-19,ML Engineer
112,Kyle,Branch,WZ556Z,665.88,2020-01-19,ML Engineer
113,Kyle,Bishop,HU436U,961.45,2020-01-19,ML Engineer
114,Kyle,Boyer,VE814E,920.54,2020-01-19,ML Engineer
115,Lili,Carroll,SU355U,434.64,2020-01-19,ML Engineer
116,Lili,Bender,HK580K,740.43,2020-01-19,ML Engineer
117,Lili,Brady,KW246W,250.49,2020-01-19,ML Engineer
118,Lisa,Cannon,NH174H,213.13,2020-01-19,ML Engineer
119,Lisa,Boyle,MR546R,302.15,2020-01-19,ML Engineer
120,Miwa,Arnold,RM569M,196.46,2020-01-19,ML Engineer
121,Miwa,Carey,YF402F,226.42,2020-01-19,ML Engineer
122,Miwa,Carey,IA726A,676.26,2020-01-19,ML Engineer
123,Miwa,Boone,RA638A,376.35,2020-01-19,ML Engineer
124,Nana,Beard,NX341X,307.2,2020-01-19,ML Engineer
125,Nana,Beasley,TF155F,514.34,2020-01-19,Full Stack Engineer
126,Nana,Cannon,VB398B,775.98,2020-01-19,Full Stack Engineer
127,Nate,Best,JK591K,392.51,2020-01-19,Full Stack Engineer
128,Nate,Carrillo,RX1000X,361.91,2020-01-19,Full Stack Engineer
129,Nate,Banks,JG427G,258.73,2020-01-19,Full Stack Engineer
130,Noel,Brooks,DK548K,631.34,2020-01-19,Full Stack Engineer
131,Noel,Austin,FT879T,892.95,2020-01-19,Full Stack Engineer
132,Noel,Carrillo,QS444S,448.41,2020-01-19,Full Stack Engineer
133,Noel,Buck,DU294U,941.47,2020-01-19,Full Stack Engineer
134,Olga,Barlow,BV153V,444.92,2020-01-19,Full Stack Engineer
135,Olga,Beasley,DZ649Z,161.99,2020-01-19,Full Stack Engineer
136,Olga,Barron,SA132A,385.75,2020-01-19,Full Stack Engineer
137,Omar,Black,DZ835Z,587.91,2020-01-19,Full Stack Engineer
138,Otto,Burke,WH537H,511.65,2020-01-19,Full Stack Engineer
139,Otto,Baker,DN386N,775.93,2020-01-19,Full Stack Engineer
140,Otto,Barnes,KJ379J,523.99,2020-01-19,Full Stack Engineer
141,Otto,Battle,ZQ431Q,300.28,2020-01-19,Data Engineer
142,Otto,Brennan,JH883H,812.35,2020-01-19,Data Engineer
143,Otto,Blackwell,QO843O,151.89,2020-01-19,Data Engineer
144,Otto,Bishop,MX895X,359.87,2020-01-19,Data Engineer
145,Rita,Boyle,XP812P,510.23,2020-01-19,Data Engineer
146,Rita,Burnett,KH538H,848.67,2020-01-19,Data Engineer
147,Rita,Case,AJ834J,164.91,2020-01-19,Data Engineer
148,Rita,Alford,FN288N,969.98,2020-01-19,Data Engineer
149,Rita,Adkins,BC397C,744.12,2020-01-19,Data Engineer
150,Rose,Boyle,WG637G,145.12,2020-01-19,Data Engineer
151,Rose,Acevedo,CG721G,283.73,2020-01-19,Data Engineer
152,Rose,Buckley,NO388O,947.78,2020-01-19,Data Engineer
153,Rose,Armstrong,CX408X,428.52,2020-01-19,Data Engineer
154,Rose,Banks,JR769R,538.19,2020-01-19,Data Engineer
155,Rose,Boyd,FJ371J,337.55,2020-01-19,Data Engineer
156,Rose,Bond,CQ950Q,817.45,2020-01-19,Data Engineer
157,Rose,Calhoun,AL452L,777.4,2020-01-19,Data Engineer
158,Rose,Barlow,RD649D,369.79,2020-01-19,Full Stack Engineer
159,Stan,Burnett,KF781F,354.41,2020-01-19,Full Stack Engineer
160,Stan,Bradford,JL117L,770.37,2020-01-19,Full Stack Engineer
161,Tony,Cameron,FD312D,846.2,2020-01-19,Full Stack Engineer
162,Tony,Armstrong,TM620M,292.35,2020-01-19,Full Stack Engineer
163,Tony,Alvarado,LZ375Z,406.81,2020-01-19,Full Stack Engineer
164,Yumi,Avila,GB840B,269.23,2020-01-19,Full Stack Engineer
165,Yumi,Barnes,QC174C,592.81,2020-01-19,Full Stack Engineer
166,Yumi,Carrillo,QH749H,859.31,2020-01-19,Full Stack Engineer
167,Yumi,Caldwell,FG759G,203.24,2020-01-19,Full Stack Engineer
168,Yumi,Acosta,XT270T,197.38,2020-01-19,Full Stack Engineer
169,Akane,Adams,QB995B,278.44,2020-01-19,Full Stack Engineer
170,Akane,Austin,KW711W,483.22,2020-01-19,Full Stack Engineer
171,Barry,Blake,NV797V,988.49,2020-01-19,Analyst
172,Barry,Cameron,VF846F,663.68,2020-01-19,Analyst
173,Barry,Ballard,FN271N,494.92,2020-01-19,Analyst
174,Barry,Carver,YY430Y,835.18,2020-01-19,Analyst
175,Barry,Blair,GW187W,420.87,2020-01-19,Analyst
176,Beryl,Boone,ET318T,534.68,2020-01-19,Analyst
177,Beryl,Aguilar,NI548I,140.98,2020-01-19,Analyst
178,Beryl,Bray,NM424M,762.21,2020-01-19,Analyst
179,Beryl,Boyd,DC180C,214.16,2020-01-19,Analyst
180,Beryl,Allen,QD550D,933.82,2020-01-19,Analyst
181,Chris,Barnett,NF949F,281.2,2020-01-19,Analyst
182,Chris,Bullock,GT518T,819.4,2020-01-19,Analyst
183,Cindy,Camacho,KV835V,452.95,2020-01-19,Analyst
184,Cindy,Baldwin,KO314O,782.98,2020-01-19,Analyst
185,Cindy,Bruce,OI799I,642.75,2020-01-19,Analyst
186,Cindy,Cardenas,WQ125Q,177.11,2020-01-19,Analyst
187,Cindy,Benson,WH285H,422.41,2020-01-19,Analyst
188,Cindy,Bowen,IU679U,260.7,2020-01-19,Analyst
189,Cindy,Barton,HF225F,560.85,2020-01-19,Analyst
190,Danny,Calderon,EX404X,140.93,2020-01-19,Analyst
191,Danny,Bradford,UX389X,936.51,2020-01-19,Support Engineer
192,Debby,Carrillo,FR110R,875.44,2020-01-19,Support Engineer
193,Debby,Benton,HX606X,940.52,2020-01-19,Support Engineer
194,Debby,Barnes,DH375H,929.43,2020-01-19,Support Engineer
195,Debby,Carver,GQ477Q,238.68,2020-01-19,Support Engineer
196,Dolly,Bond,SI733I,623.53,2020-01-19,Support Engineer
197,Dolly,Bond,OD212D,680.86,2020-01-19,Support Engineer
198,Dolly,Burnett,PG828G,761.86,2020-01-19,Support Engineer
199,Dolly,Buckley,GD847D,966.47,2020-01-19,Support Engineer
200,Emily,Carlson,PA109A,517.88,2020-01-19,Support Engineer
201,Emily,Barlow,MB932B,239.18,2020-01-19,Support Engineer
202,Emily,Burnett,GN609N,573.98,2020-01-19,Support Engineer
203,Emily,Buckley,LW418W,449.29,2020-01-19,Support Engineer
204,Emily,Bolton,YO459O,609.58,2020-01-19,Data Engineer
205,Erika,Avery,PE291E,751.45,2020-01-19,Data Engineer
206,Erika,Atkins,TJ575J,497.4,2020-01-19,Data Engineer
207,Erika,Anderson,CF916F,202.72,2020-01-19,Data Engineer
208,Felix,Booth,AE838E,148.53,2020-01-19,Data Engineer
209,Felix,Bruce,IZ351Z,543.37,2020-01-19,Data Engineer
210,Felix,Anthony,KL269L,243.89,2020-01-19,Data Engineer
211,Felix,Booth,PN434N,489.25,2020-01-19,Data Engineer
212,Grace,Burt,PE686E,130.56,2020-01-19,Data Engineer
213,Grace,Buckley,AP947P,780.67,2020-01-19,Data Engineer
214,Grace,Buckner,ZG504G,690.29,2020-01-19,Data Engineer
215,Hanna,Bray,UK979K,230.21,2020-01-19,Data Engineer
216,Hanna,Baxter,KE469E,644.93,2020-01-19,Data Engineer
217,Hanna,Carey,KW689W,255.4,2020-01-19,Data Engineer
218,Hanna,Beach,SD621D,373.19,2020-01-19,Data Engineer
219,Hanna,Barton,YE975E,982.17,2020-01-19,Data Engineer
220,Henri,Bartlett,KR567R,905.45,2020-01-19,Data Engineer
221,Henri,Barnett,DQ322Q,109.89,2020-01-19,Data Engineer
222,Henri,Casey,JW104W,664.71,2020-01-19,Data Engineer
223,Irene,Bray,WW536W,859.86,2020-01-19,Full Stack Engineer
224,Irene,Battle,OA287A,579.69,2020-01-19,Full Stack Engineer
225,Irene,Camacho,ME415E,681.43,2020-01-19,Full Stack Engineer
226,Isaac,Arnold,JS632S,845.94,2020-01-19,Full Stack Engineer
227,Isaac,Boyer,OA871A,201.92,2020-01-19,Full Stack Engineer
228,Isaac,Buchanan,AZ858Z,889.37,2020-01-19,Full Stack Engineer
229,Isaac,Baldwin,NV349V,694.25,2020-01-19,Full Stack Engineer
230,Isaac,Arnold,WB630B,596.32,2020-01-19,Full Stack Engineer
231,Isaac,Beard,UI920I,214.8,2020-01-19,Full Stack Engineer
232,Jerry,Carroll,KK683K,887.98,2020-01-19,Full Stack Engineer
233,Jerry,Butler,RC972C,680.38,2020-01-19,Full Stack Engineer
234,Joyce,Burris,HK435K,864.1,2020-01-19,Full Stack Engineer
235,Joyce,Cameron,SH357H,924.1,2020-01-19,Full Stack Engineer
236,Joyce,Battle,SR276R,874.58,2020-01-19,Full Stack Engineer
237,Joyce,Barron,CS768S,150.74,2020-01-19,Analyst
238,Joyce,Burris,VM212M,539.55,2020-01-19,Analyst
239,Junko,Beasley,GK423K,514.15,2020-01-19,Analyst
240,Junko,Bradshaw,SH397H,329.33,2020-01-19,Analyst
241,Kaori,Adams,LK620K,875.34,2020-01-19,Analyst
242,Kaori,Alford,RJ515J,447.66,2020-01-19,Analyst
243,Karen,Carver,VJ519J,776.69,2020-01-19,Analyst
244,Karen,Berg,SD979D,206.98,2020-01-19,Analyst
245,Karen,Ball,SN542N,497.63,2020-01-19,Analyst
246,Karen,Burris,KA108A,634.86,2020-01-19,Analyst
247,Larry,Barron,PI987I,649.59,2020-01-19,Analyst
248,Marco,Benton,UU951U,910.8,2020-01-19,Analyst
249,Maria,Blevins,JZ241Z,586.61,2020-01-19,Analyst
250,Maria,Brock,ON111N,743.71,2020-01-19,Analyst
251,Maria,Bradshaw,HN135N,992.87,2020-01-19,Analyst
252,Mieko,Blackwell,BD197D,975.73,2020-01-19,Analyst
253,Mieko,Baxter,YX356X,912.97,2020-01-19,Analyst
254,Mieko,Baldwin,CM381M,423.55,2020-01-19,Analyst
255,Mindy,Blair,SB170B,411.19,2020-01-19,Devops Engineer
256,Mindy,Brooks,HT829T,536.43,2020-01-19,Devops Engineer
257,Mindy,Carroll,ZH742H,510.12,2020-01-19,Devops Engineer
258,Mindy,Beasley,TK708K,663.14,2020-01-19,Devops Engineer
259,Naoko,Butler,TO605O,766.24,2020-01-19,Devops Engineer
260,Naoko,Acosta,PG157G,801.99,2020-01-19,Devops Engineer
261,Naoko,Briggs,GD329D,814.53,2020-01-19,Devops Engineer
262,Naoko,Bowman,GC455C,974.41,2020-01-19,Business Analyst
263,Oscar,Ballard,QH963H,699.42,2020-01-19,Business Analyst
264,Oscar,Brennan,BF382F,272.35,2020-01-19,Business Analyst
265,Oscar,Berger,GY115Y,333.95,2020-01-19,Business Analyst
266,Pablo,Ball,GB717B,947.4,2020-01-19,Business Analyst
267,Patty,Bright,GT749T,965.54,2020-01-19,Business Analyst
268,Patty,Bernard,KG675G,699.22,2020-01-19,Business Analyst
269,Paula,Best,HW484W,312.45,2020-01-19,Business Analyst
270,Paula,Calderon,UB702B,631.27,2020-01-19,Business Analyst
271,Paula,Casey,HL229L,412.19,2020-01-19,Business Analyst
272,Paula,Ballard,IH775H,753.58,2020-01-19,Business Analyst
273,Paula,Burns,MB894B,404.66,2020-01-19,Business Analyst
274,Peter,Benson,EG711G,819.85,2020-01-19,Business Analyst
275,Peter,Arnold,EH863H,121.51,2020-01-19,Business Analyst
276,Peter,Blackwell,SN572N,661.97,2020-01-19,Business Analyst
277,Reina,Burks,OI529I,417.18,2020-01-19,Business Analyst
278,Reina,Barr,CK533K,159.95,2020-01-19,Business Analyst
279,Reina,Carrillo,WI588I,665.28,2020-01-19,Business Analyst
280,Reina,Bishop,RT665T,813.34,2020-01-19,Business Analyst
281,Sally,Bowers,ZS960S,351.23,2020-01-19,Business Analyst
282,Sally,Aguirre,MM777M,637.66,2020-01-19,Devops Engineer
283,Sally,Alvarez,CC275C,764.15,2020-01-19,Devops Engineer
284,Sandy,Campbell,VS799S,669.55,2020-01-19,Devops Engineer
285,Sandy,Cantrell,CD290D,887.31,2020-01-19,Devops Engineer
286,Tammy,Anderson,KH169H,840.74,2020-01-19,Devops Engineer
287,Tammy,Bradshaw,VJ832J,369.55,2020-01-19,Devops Engineer
288,Tammy,Bartlett,TU386U,792.85,2020-01-19,Analyst
289,Tanya,Bruce,BM978M,713.64,2020-01-19,Analyst
290,Teddy,Avery,CA957A,410.72,2020-01-19,Analyst
291,Teddy,Alexander,RT922T,335.55,2020-01-19,Analyst
292,Teddy,Buckley,ZY397Y,937.7,2020-01-19,Analyst
293,Teddy,Carlson,OA587A,689.41,2020-01-19,Analyst
294,Teddy,Buckner,MY960Y,385.52,2020-01-19,Analyst
295,Teddy,Baird,QF512F,755.92,2020-01-19,Analyst
296,Tomas,Bryan,SF188F,359.94,2020-01-19,Analyst
297,Tomas,Booker,UA884A,907.92,2020-01-19,Analyst
298,Tomas,Bowen,UF869F,356.13,2020-01-19,Analyst
299,Tomas,Buckner,EU905U,989.1,2020-01-19,Analyst
300,Tomas,Callahan,KW535W,225.58,2020-01-19,Analyst
301,Vicky,Buckley,GH353H,883.43,2020-01-19,Full Stack Engineer
302,Vicky,Carver,RM813M,830.91,2020-01-19,Full Stack Engineer
303,Vince,Bender,BV295V,200.54,2020-01-19,Full Stack Engineer
304,Wanda,Bean,XY236Y,237.8,2020-01-19,Full Stack Engineer
305,Wanda,Campos,AX410X,888.37,2020-01-19,Full Stack Engineer
306,Wanda,Acevedo,NH728H,344.69,2020-01-19,Full Stack Engineer
307,Wendy,Blanchard,DM835M,167.4,2020-01-19,Full Stack Engineer
308,Wendy,Briggs,OZ653Z,709.38,2020-01-19,Full Stack Engineer
309,Wendy,Barry,HY807Y,781.31,2020-01-19,Full Stack Engineer
310,Wendy,Allen,LL482L,120.44,2020-01-19,Devops Engineer
311,Wilma,Beard,OS198S,289.84,2020-01-19,Devops Engineer
312,Wilma,Bridges,NJ297J,286.87,2020-01-19,Devops Engineer
313,Youko,Anthony,LX971X,690.24,2020-01-19,Devops Engineer
314,Arlene,Carlson,LO582O,531.41,2020-01-19,Devops Engineer
315,Arlene,Buchanan,BN197N,945.61,2020-01-19,Devops Engineer
316,Arthur,Campbell,TI900I,559.97,2020-01-19,Devops Engineer
317,Arthur,Barrera,WQ268Q,682.12,2020-01-19,Devops Engineer
318,Arthur,Albert,TB981B,822.19,2020-01-19,Devops Engineer
319,Arthur,Barry,EX330X,641.79,2020-01-19,Devops Engineer
320,Bertha,Armstrong,YY779Y,241.38,2020-01-19,Devops Engineer
321,Bertha,Abbott,BM642M,188.3,2020-01-19,Devops Engineer
322,Bertha,Booth,XN976N,703.37,2020-01-19,Support Engineer
323,Bertha,Acevedo,CC381C,173.16,2020-01-19,Support Engineer
324,Bonnie,Calderon,CS445S,750.78,2020-01-19,Support Engineer
325,Bonnie,Abbott,DP527P,822.82,2020-01-19,Support Engineer
326,Bonnie,Berg,XT396T,183.69,2020-01-19,Support Engineer
327,Chiaki,Bender,QG522G,547.79,2020-01-19,Support Engineer
328,Chiaki,Case,PJ280J,863.52,2020-01-19,Support Engineer
329,Chiaki,Bush,LS236S,424.53,2020-01-19,Support Engineer
330,Chiaki,Carrillo,MA238A,567.27,2020-01-19,Support Engineer
331,Dennis,Cardenas,XV193V,231.59,2020-01-19,Support Engineer
332,Dennis,Campos,KN494N,859.87,2020-01-19,Support Engineer
333,Dennis,Acevedo,DL744L,695.44,2020-01-19,Support Engineer
334,Dennis,Bryant,BU816U,970.65,2020-01-19,Support Engineer
335,Dennis,Blake,VZ361Z,292.3,2020-01-19,Support Engineer
336,Dennis,Acevedo,ZJ283J,166.41,2020-01-19,Support Engineer
337,Etsuko,Armstrong,GL133L,261.9,2020-01-19,Full Stack Engineer
338,Etsuko,Bowers,ZN718N,497.33,2020-01-19,Full Stack Engineer
339,Fabian,Castaneda,TB186B,495.58,2020-01-19,Full Stack Engineer
340,Fabian,Andrews,BA640A,564.79,2020-01-19,Full Stack Engineer
341,Fabian,Bass,JZ866Z,302.68,2020-01-19,Full Stack Engineer
342,Gaston,Barker,KK680K,511.83,2020-01-19,Full Stack Engineer
343,Gaston,Barr,PX534X,287.16,2020-01-19,Full Stack Engineer
344,Gaston,Armstrong,PI415I,377.17,2020-01-19,Devops Engineer
345,Gaston,Alexander,PD980D,180.81,2020-01-19,Devops Engineer
346,Gordon,Cabrera,FA304A,356.63,2020-01-19,Devops Engineer
347,Gordon,Bowen,HO366O,410.99,2020-01-19,Devops Engineer
348,Gustav,Campos,YV589V,349.28,2020-01-19,Devops Engineer
349,Gustav,Berger,WX254X,866.61,2020-01-19,Devops Engineer
350,Gustav,Case,WP978P,979.11,2020-01-19,Devops Engineer
351,Gustav,Burris,TH512H,968.46,2020-01-19,Devops Engineer
352,Gustav,Brock,YO892O,313.47,2020-01-19,Devops Engineer
353,Gustav,Burton,QZ595Z,223.63,2020-01-19,Devops Engineer
354,Harvey,Baldwin,QT128T,700.1,2020-01-19,Analyst
355,Harvey,Black,AI800I,630.4,2020-01-19,Analyst
356,Helene,Arnold,JL207L,106.8,2020-01-19,Analyst
357,Helene,Ballard,KZ294Z,560.21,2020-01-19,Analyst
358,Helene,Brown,OA868A,541.5,2020-01-19,Analyst
359,Hitomi,Barker,OT316T,613.43,2020-01-19,Analyst
360,Hitomi,Bernard,ML897L,330.51,2020-01-19,Analyst
361,Isabel,Cabrera,DC604C,793.88,2020-01-19,Analyst
362,Isabel,Adams,BS693S,840.13,2020-01-19,Analyst
363,Isabel,Carney,VD226D,794.32,2020-01-19,Analyst
364,Jeanne,Benton,KG995G,400.12,2020-01-19,Analyst
365,Jeanne,Bradshaw,PH466H,332.32,2020-01-19,Analyst
366,Jeanne,Buchanan,CL105L,100.54,2020-01-19,Business Analyst
367,Kumiko,Bryan,UF979F,966.65,2020-01-19,Business Analyst
368,Kumiko,Bray,ZI997I,284.23,2020-01-19,Business Analyst
369,Kumiko,Barnes,TI229I,265.28,2020-01-19,Business Analyst
370,Leslie,Alford,CE632E,925.7,2020-01-19,Business Analyst
371,Leslie,Bentley,TU372U,739.45,2020-01-19,Business Analyst
372,Leslie,Browning,LI702I,356.99,2020-01-19,Business Analyst
373,Miharu,Bowman,AI166I,251.93,2020-01-19,Business Analyst
374,Miharu,Bates,WL305L,725.52,2020-01-19,Business Analyst
375,Miyako,Allen,QN763N,728.5,2020-01-19,Data Engineer
376,Miyako,Case,WM394M,286.22,2020-01-19,Data Engineer
377,Miyako,Camacho,FZ268Z,630.44,2020-01-19,Data Engineer
378,Miyuki,Battle,FN835N,932.99,2020-01-19,Data Engineer
379,Miyuki,Allison,LA370A,726.3,2020-01-19,Data Engineer
380,Miyuki,Brady,TE583E,967.52,2020-01-19,Data Engineer
381,Nadine,Barrett,ID193D,942.1,2020-01-19,Data Engineer
382,Nadine,Brennan,WT407T,934.12,2020-01-19,Data Engineer
383,Nadine,Brady,QD115D,881.72,2020-01-19,Data Engineer
384,Nadine,Andrews,UP616P,565.23,2020-01-19,Data Engineer
385,Nanaho,Benson,JC269C,733.63,2020-01-19,Data Engineer
386,Nanaho,Acosta,SK506K,620.24,2020-01-19,Data Engineer
387,Nanaho,Carter,JQ791Q,142.39,2020-01-19,Data Engineer
388,Nanaho,Bradley,LC714C,593.98,2020-01-19,Data Engineer
389,Nicole,Arnold,AV484V,363.13,2020-01-19,Data Engineer
390,Nicole,Barker,HA766A,396.9,2020-01-19,Data Engineer
391,Nicole,Calhoun,GG910G,884.11,2020-01-19,ML Engineer
392,Odette,Carpenter,OV899V,416.68,2020-01-19,ML Engineer
393,Odette,Albert,NF540F,155.45,2020-01-19,ML Engineer
394,Odette,Alvarez,MP529P,163.82,2020-01-19,ML Engineer
395,Paloma,Bean,EB610B,164.23,2020-01-19,ML Engineer
396,Paloma,Alvarado,JM157M,770.88,2020-01-19,ML Engineer
397,Paloma,Bowers,MM432M,411.45,2020-01-19,Data Engineer
398,Rafael,Baxter,VY895Y,155.44,2020-01-19,Data Engineer
399,Rafael,Bowers,RI881I,997.54,2020-01-19,Data Engineer
400,Rafael,Burt,QT367T,191.83,2020-01-19,Data Engineer
401,Sayuri,Bean,GQ875Q,359.39,2020-01-19,Data Engineer
402,Sayuri,Abbott,EA339A,323.11,2020-01-19,Data Engineer
403,Sayuri,Bradshaw,DY921Y,843.22,2020-01-19,Data Engineer
404,Sayuri,Brown,ZO330O,365.52,2020-01-19,Data Engineer
405,Sayuri,Bell,WY743Y,688.55,2020-01-19,Data Engineer
406,Teresa,Bolton,CX349X,117.69,2020-01-19,ML Engineer
407,Teresa,Baldwin,JF374F,894.93,2020-01-19,ML Engineer
408,Teresa,Bruce,LA287A,545.27,2020-01-19,Support Engineer
409,Teresa,Benjamin,UO359O,885.72,2020-01-19,Support Engineer
410,Toshie,Booth,JG365G,587.49,2020-01-19,Support Engineer
411,Toshie,Boone,WT106T,601.33,2020-01-19,Support Engineer
412,Toshie,Campos,AF253F,215.61,2020-01-19,Support Engineer
413,Toshie,Cain,SZ852Z,702.38,2020-01-19,Support Engineer
414,Victor,Bolton,ZK480K,223.1,2020-01-19,Support Engineer
415,Victor,Beard,KB354B,122.56,2020-01-19,Support Engineer
416,Victor,Branch,VJ589J,379.84,2020-01-19,Support Engineer
417,Walter,Bowen,CA100A,529.81,2020-01-19,Support Engineer
418,Walter,Aguirre,OS839S,669.34,2020-01-19,Support Engineer
419,Walter,Arnold,QV439V,541.56,2020-01-19,Support Engineer
420,Walter,Brady,HN456N,953.57,2020-01-19,Support Engineer
421,Walter,Buchanan,JP166P,401.73,2020-01-19,Full Stack Engineer
422,Walter,Bullock,SC929C,190.75,2020-01-19,Full Stack Engineer
423,Walter,Cabrera,RN728N,777.19,2020-01-19,Full Stack Engineer
424,Alberto,Bradley,TW147W,228.24,2020-01-19,Full Stack Engineer
425,Alberto,Burnett,HP710P,560.55,2020-01-19,Full Stack Engineer
426,Alberto,Bird,HC968C,444.6,2020-01-19,Full Stack Engineer
427,Alberto,Ballard,MT514T,300.18,2020-01-19,Full Stack Engineer
428,Alberto,Adams,YP924P,186.42,2020-01-19,Full Stack Engineer
429,Alberto,Albert,LQ234Q,796.22,2020-01-19,Full Stack Engineer
430,Alberto,Barlow,ZG870G,744.6,2020-01-19,Full Stack Engineer
431,Allison,Ball,WT217T,701.98,2020-01-19,Full Stack Engineer
432,Allison,Aguilar,ZV279V,152.42,2020-01-19,Full Stack Engineer
433,Chantal,Aguilar,KI810I,211.32,2020-01-19,Full Stack Engineer
434,Chantal,Ayala,JP804P,816.45,2020-01-19,Full Stack Engineer
435,Chantal,Buckner,GM304M,490.5,2020-01-19,Full Stack Engineer
436,Charley,Abbott,IO662O,101.7,2020-01-19,Full Stack Engineer
437,Charley,Bean,SK230K,759.68,2020-01-19,Full Stack Engineer
438,Charley,Camacho,YU595U,702.33,2020-01-19,Full Stack Engineer
439,Charley,Burns,DN731N,617.4,2020-01-19,Full Stack Engineer
440,Edouard,Barron,KV267V,799.25,2020-01-19,Full Stack Engineer
441,Edouard,Bradley,SJ280J,811.91,2020-01-19,Full Stack Engineer
442,Edouard,Brewer,SL748L,779.69,2020-01-19,ML Engineer
443,Edouard,Andrews,FN878N,532.55,2020-01-19,ML Engineer
444,Edouard,Branch,DT372T,919.74,2020-01-19,ML Engineer
445,Edouard,Ball,XO914O,886.68,2020-01-19,ML Engineer
446,Ernesto,Brady,DP391P,401.68,2020-01-19,ML Engineer
447,Ernesto,Bonner,SK949K,714.48,2020-01-19,ML Engineer
448,Ernesto,Brady,OO304O,245.51,2020-01-19,ML Engineer
449,Ernesto,Bernard,LV573V,475.35,2020-01-19,ML Engineer
450,Ernesto,Byers,GO203O,681.17,2020-01-19,Data Engineer
451,Ernesto,Anthony,SN804N,183.97,2020-01-19,Data Engineer
452,Frances,Bradshaw,TX810X,716.15,2020-01-19,Data Engineer
453,Frances,Brock,HS138S,602.52,2020-01-19,Data Engineer
454,Hermine,Boyer,JQ405Q,570.34,2020-01-19,Data Engineer
455,Hermine,Blanchard,WT266T,352.93,2020-01-19,Data Engineer
456,Hermine,Cantrell,LW939W,582.52,2020-01-19,Data Engineer
457,Hermine,Anthony,VY954Y,114.98,2020-01-19,Data Engineer
458,Isidore,Carpenter,JR470R,232.65,2020-01-19,Data Engineer
459,Isidore,Carey,VV308V,343.75,2020-01-19,Data Engineer
460,Katrina,Cantrell,DU440U,143.95,2020-01-19,Data Engineer
461,Katrina,Allison,WD101D,636.54,2020-01-19,Data Engineer
462,Lorenzo,Brady,LL260L,527.5,2020-01-19,Data Engineer
463,Lorenzo,Benson,DF289F,224.85,2020-01-19,Support Engineer
464,Michael,Burnett,GU692U,964.28,2020-01-19,Support Engineer
465,Michael,Callahan,SG894G,879.91,2020-01-19,Support Engineer
466,Michael,Atkinson,JZ858Z,748.9,2020-01-19,Support Engineer
467,Michael,Barker,FC589C,576.98,2020-01-19,Support Engineer
468,Michiyo,Bright,YU525U,308.85,2020-01-19,Support Engineer
469,Michiyo,Brewer,NW296W,825.82,2020-01-19,Support Engineer
470,Michiyo,Beasley,CE483E,818.61,2020-01-19,Support Engineer
471,Michiyo,Ball,JF738F,664.94,2020-01-19,Support Engineer
472,Michiyo,Baird,IM327M,819.12,2020-01-19,Support Engineer
473,Ophelia,Berry,EX172X,650.23,2020-01-19,Support Engineer
474,Rebekah,Booth,ZL731L,473.57,2020-01-19,Support Engineer
475,Rebekah,Beck,LV278V,693.22,2020-01-19,Support Engineer
476,Richard,Bush,XJ687J,823.71,2020-01-19,Support Engineer
477,Richard,Acevedo,CK324K,118.93,2020-01-19,Support Engineer
478,Richard,Booth,VD693D,410.95,2020-01-19,Support Engineer
479,Richard,Boyle,TG392G,751.76,2020-01-19,Support Engineer
480,Richard,Buck,KL797L,763.14,2020-01-19,Support Engineer
481,Sachiko,Calderon,TA295A,635.19,2020-01-19,Devops Engineer
482,Sachiko,Berry,ER668R,662.24,2020-01-19,Devops Engineer
483,Valerie,Butler,IS436S,479.62,2020-01-19,Devops Engineer
484,Valerie,Brady,EK878K,495.12,2020-01-19,Devops Engineer
485,Wilfred,Blevins,KO248O,128.37,2020-01-19,Devops Engineer
486,Wilfred,Boone,VW932W,890.42,2020-01-19,Developer
487,Wilfred,Bryant,PS646S,815.42,2020-01-19,Developer
488,Wilfred,Brown,PE949E,922.21,2020-01-19,Developer
489,William,Bowers,IS460S,555.19,2020-01-19,Developer
490,William,Carroll,KN489N,926.26,2020-01-19,Developer
491,William,Abbott,IT731T,236.87,2020-01-19,Analyst
492,Danielle,Byers,BZ561Z,203.57,2020-01-19,Analyst
493,Florence,Camacho,ZR221R,304.97,2020-01-19,Analyst
494,Franklin,Avery,EB819B,650.51,2020-01-19,Analyst
495,Franklin,Carlson,IF100F,999.29,2020-01-19,Analyst
496,Franklin,Burgess,CK388K,407.7,2020-01-19,Analyst
497,Gabielle,Burch,DK170K,223.26,2020-01-19,Analyst
498,Gabielle,Brooks,PN792N,269.25,2020-01-19,Analyst
499,Humberto,Brewer,ZK153K,317.5,2020-01-19,Analyst
500,Humberto,Bowen,IW315W,922.77,2020-01-19,Analyst
501,Humberto,Byrd,TV829V,179.95,2020-01-19,Analyst
502,Humberto,Banks,IC867C,665.87,2020-01-19,Analyst
503,Humberto,Blair,QX537X,923.33,2020-01-19,Analyst
504,Humberto,Berg,LB454B,633.6,2020-01-19,Analyst
505,Humberto,Alford,NI424I,937.37,2020-01-19,Analyst
506,Michelle,Camacho,IE262E,446.63,2020-01-19,Analyst
507,Michelle,Blair,ZF656F,842.55,2020-01-19,Analyst
508,Michelle,Blanchard,XR400R,673.1,2020-01-19,Analyst
509,Michelle,Buck,ZR928R,786.53,2020-01-19,Analyst
510,Michelle,Bartlett,XR577R,321.85,2020-01-19,Analyst
511,Michelle,Aguilar,AJ193J,437.95,2020-01-19,Analyst
512,Nicholas,Blackburn,CJ275J,928.42,2020-01-19,Analyst
513,Nicholas,Alexander,MN117N,423.78,2020-01-19,Full Stack Engineer
514,Nicholas,Andrews,UI227I,391.79,2020-01-19,Full Stack Engineer
515,Nicholas,Allison,RS462S,608.12,2020-01-19,Full Stack Engineer
516,Nicholas,Calderon,WG342G,863.34,2020-01-19,Full Stack Engineer
517,Philippe,Bright,ZU431U,273.89,2020-01-19,Full Stack Engineer
518,Philippe,Blackwell,WZ225Z,260.32,2020-01-19,Full Stack Engineer
519,Philippe,Baldwin,MO988O,975.48,2020-01-19,Full Stack Engineer
520,Philippe,Beard,RB290B,771.61,2020-01-19,Full Stack Engineer
521,Virginie,Brock,YQ219Q,608.3,2020-01-19,Full Stack Engineer
522,Virginie,Bryant,FO184O,515.73,2020-01-19,Full Stack Engineer
523,Virginie,Austin,NO122O,948.32,2020-01-19,Full Stack Engineer
524,Virginie,Buck,RY287Y,425.64,2020-01-19,Full Stack Engineer
525,Virginie,Cantrell,YA336A,649.96,2020-01-19,Full Stack Engineer
526,Virginie,Bush,KL231L,616.84,2020-01-19,Full Stack Engineer
527,Virginie,Bell,XV480V,438.25,2020-01-19,ML Engineer
528,Claudette,Cantu,WA336A,409.78,2020-01-19,ML Engineer
529,Claudette,Burton,RZ978Z,881.51,2020-01-19,ML Engineer
530,Claudette,Best,CV898V,163.22,2020-01-19,ML Engineer
531,Claudette,Bartlett,FK806K,956.7,2020-01-19,ML Engineer
532,Claudette,Booker,XH683H,267.8,2020-01-19,ML Engineer
533,Cristobal,Bass,TF226F,266.8,2020-01-19,ML Engineer
534,Cristobal,Allison,AH188H,849.56,2020-01-19,ML Engineer
535,Cristobal,Cash,NM109M,925.88,2020-01-19,ML Engineer
536,Cristobal,Boyle,JJ801J,854.2,2020-01-19,ML Engineer
537,Cristobal,Armstrong,YZ675Z,702.14,2020-01-19,ML Engineer
538,Cristobal,Arnold,WD381D,658.7,2020-01-19,ML Engineer
539,Cristobal,Calderon,YW425W,185.26,2020-01-19,ML Engineer
540,Josephine,Cantu,OQ839Q,941.46,2020-01-19,Business Analyst
541,Josephine,Ayala,PT200T,930.88,2020-01-19,Business Analyst
542,Josephine,Abbott,QU563U,306.26,2020-01-19,Business Analyst
543,Josephine,Andrews,YB797B,179.2,2020-01-19,Business Analyst
544,Josephine,Burks,XH510H,835.16,2020-01-19,Business Analyst
545,Sebastien,Castaneda,QN482N,984.86,2020-01-19,Business Analyst
546,Sebastien,Blackburn,PI809I,371.16,2020-01-19,Business Analyst
547,Sebastien,Burks,UV257V,967.29,2020-01-19,Business Analyst
548,Sebastien,Cardenas,CF106F,661.22,2020-01-19,Business Analyst
549,Sebastien,Bradley,IE558E,107.63,2020-01-19,Business Analyst
550,Sebastien,Bowman,XR481R,182.69,2020-01-19,Business Analyst
551,Sebastien,Blackburn,LS691S,848.26,2020-01-19,Business Analyst